City_ID,City,Country,Date,Lat,Lng,Max Temp,Humidity,Cloudiness,Wind Speed
0,Ushuaia,AR,2021-04-08 01:12:29,-54.8,-68.3,46.4,87,75,3.44
1,Yellowknife,CA,2021-04-08 01:07:30,62.456,-114.3525,19.4,79,90,10.36
2,Mataura,NZ,2021-04-08 01:07:39,-46.1927,168.8643,64.99,61,11,3.0
3,Alta Floresta,BR,2021-04-08 01:14:06,-9.8756,-56.0861,71.42,93,91,2.33
4,Nikolskoye,RU,2021-04-08 01:07:30,59.7035,30.7861,30.0,93,95,4.47
5,Punta Arenas,CL,2021-04-08 01:14:07,-53.15,-70.9167,48.2,76,40,9.22
6,Tuktoyaktuk,CA,2021-04-08 01:12:35,69.4541,-133.0374,-4.0,71,20,6.91
7,Yerofey Pavlovich,RU,2021-04-08 01:14:07,53.9667,121.9667,27.48,56,90,3.0
8,Hay River,CA,2021-04-08 01:14:07,60.8156,-115.7999,21.2,93,100,13.8
9,Port Alfred,ZA,2021-04-08 01:14:08,-33.5906,26.891,68.2,83,100,11.25
10,Katsuura,JP,2021-04-08 01:14:08,35.1333,140.3,60.8,48,75,8.05
11,Pisco,PE,2021-04-08 01:14:08,-13.7,-76.2167,70.0,83,0,19.57
12,Necochea,AR,2021-04-08 01:14:09,-38.5473,-58.7368,73.99,77,73,8.99
13,Bethel,US,2021-04-08 01:14:09,41.3712,-73.414,57.2,47,1,5.44
14,Kenora,CA,2021-04-08 01:14:09,49.8167,-94.4337,51.01,32,90,9.22
15,Kahului,US,2021-04-08 01:12:52,20.8947,-156.47,78.8,53,40,21.85
16,Ujjain,IN,2021-04-08 01:14:10,23.1833,75.7667,68.0,26,0,8.03
17,Cidreira,BR,2021-04-08 01:11:14,-30.1811,-50.2056,74.03,74,2,21.59
18,Norman Wells,CA,2021-04-08 01:14:10,65.282,-126.8329,10.4,56,20,10.36
19,Bredasdorp,ZA,2021-04-08 01:12:05,-34.5322,20.0403,55.4,94,78,1.14
20,Vila Velha,BR,2021-04-08 01:07:54,-20.3297,-40.2925,69.8,94,75,6.91
21,Aykhal,RU,2021-04-08 01:08:00,66.0,111.5,17.31,92,100,10.33
22,Busselton,AU,2021-04-08 01:07:40,-33.65,115.3333,64.0,78,33,4.0
23,Moengo,SR,2021-04-08 01:14:11,5.6167,-54.4,73.51,98,99,2.35
24,Butaritari,KI,2021-04-08 01:07:31,3.0707,172.7902,81.46,78,100,13.06
25,Chokurdakh,RU,2021-04-08 01:07:46,70.6333,147.9167,-0.08,85,52,3.06
26,Rikitea,PF,2021-04-08 01:07:26,-23.1203,-134.9692,77.25,60,0,7.65
27,Bealanana,MG,2021-04-08 01:14:11,-14.55,48.7333,64.76,90,98,4.61
28,Port Elizabeth,ZA,2021-04-08 01:07:27,-33.918,25.5701,64.4,94,90,6.91
29,Amuntai,ID,2021-04-08 01:14:12,-2.4177,115.2494,83.53,70,84,0.81
30,Daura,NG,2021-04-08 01:14:12,11.5538,11.4085,83.23,14,97,8.97
31,Remedios,CU,2021-04-08 01:14:12,22.4947,-79.5458,71.6,73,20,9.22
32,Kapaa,US,2021-04-08 01:07:44,22.0752,-159.319,75.2,64,75,19.57
33,Fortuna,US,2021-04-08 01:11:37,40.5982,-124.1573,52.0,81,90,12.66
34,Fulton,US,2021-04-08 01:14:12,33.7668,-84.4499,75.0,43,1,4.61
35,Hithadhoo,MV,2021-04-08 01:07:51,-0.6,73.0833,82.89,66,57,10.87
36,Hambantota,LK,2021-04-08 01:14:13,6.1241,81.1185,73.4,100,20,2.3
37,Puerto Ayora,EC,2021-04-08 01:08:05,-0.7393,-90.3518,77.0,92,16,1.01
38,Arraial Do Cabo,BR,2021-04-08 01:05:10,-22.9661,-42.0278,76.01,64,27,14.36
39,Castro,BR,2021-04-08 01:07:55,-24.7911,-50.0119,57.67,95,6,9.13
40,Weimar,DE,2021-04-08 01:14:14,50.9833,11.3167,35.01,76,100,13.09
41,Dikson,RU,2021-04-08 01:07:32,73.5069,80.5464,8.82,80,100,5.08
42,Jamestown,US,2021-04-08 01:07:00,42.097,-79.2353,62.6,59,1,8.05
43,Codajas,BR,2021-04-08 01:14:14,-3.8367,-62.0569,76.15,89,70,1.41
44,Berlevag,NO,2021-04-08 01:14:14,70.8578,29.0864,28.09,79,49,12.86
45,Ilulissat,GL,2021-04-08 01:14:15,69.2167,-51.1,17.6,62,75,2.3
46,Avarua,CK,2021-04-08 01:07:59,-21.2078,-159.775,82.4,65,75,8.05
47,Monte Plata,DO,2021-04-08 01:14:15,18.807,-69.784,75.99,94,90,5.88
48,Mahebourg,MU,2021-04-08 01:08:05,-20.4081,57.7,77.0,88,75,9.22
49,Severo-Kurilsk,RU,2021-04-08 01:07:55,50.6789,156.125,31.6,89,100,50.31
50,Hobart,AU,2021-04-08 01:05:41,-42.8794,147.3294,72.0,49,0,8.05
51,Bogale,MM,2021-04-08 01:14:16,16.2833,95.4,79.61,78,0,5.21
52,Qaanaaq,GL,2021-04-08 01:07:36,77.484,-69.3632,2.23,68,100,7.58
53,Businga,CD,2021-04-08 01:14:16,3.3333,20.8833,75.02,80,100,2.75
54,Hualmay,PE,2021-04-08 01:14:16,-11.0964,-77.6139,69.44,87,100,7.83
55,Arlit,NE,2021-04-08 01:13:52,18.7369,7.3853,81.88,7,19,7.78
56,Bitung,ID,2021-04-08 01:14:17,1.4451,125.1824,86.0,70,40,2.3
57,Vaini,TO,2021-04-08 01:07:37,-21.2,-175.2,80.6,69,20,9.22
58,Coihaique,CL,2021-04-08 01:14:17,-45.5752,-72.0662,50.0,66,75,3.44
59,Itarema,BR,2021-04-08 01:14:10,-2.9248,-39.9167,80.58,81,93,14.45
60,Marawi,PH,2021-04-08 01:14:17,7.9986,124.2928,81.0,84,61,3.0
61,Tiznit,MA,2021-04-08 01:14:18,29.5833,-9.5,54.36,86,50,3.87
62,Ozernovskiy,RU,2021-04-08 01:14:18,51.5,156.5167,33.06,71,100,35.77
63,Saskylakh,RU,2021-04-08 01:07:30,71.9167,114.0833,5.11,94,100,6.6
64,Gaziantep,TR,2021-04-08 01:09:36,37.0594,37.3825,48.2,76,0,3.2
65,Khatanga,RU,2021-04-08 01:07:36,71.9667,102.5,-8.52,97,100,2.98
66,George Town,MY,2021-04-08 01:14:19,5.4112,100.3354,80.6,94,20,2.3
67,Kodiak,US,2021-04-08 01:14:19,57.79,-152.4072,35.6,75,90,6.91
68,Hrubieszow,PL,2021-04-08 01:14:19,50.805,23.8925,29.88,77,23,10.47
69,Buraydah,SA,2021-04-08 01:14:20,26.326,43.975,71.6,23,0,10.36
70,Dobrinka,RU,2021-04-08 01:14:20,52.1653,40.4731,41.45,92,16,13.65
71,Hermanus,ZA,2021-04-08 01:07:38,-34.4187,19.2345,59.0,91,100,1.01
72,Puerto Del Rosario,ES,2021-04-08 01:14:20,28.5004,-13.8627,62.6,63,0,5.75
73,Portland,US,2021-04-08 01:14:04,45.5234,-122.6762,52.0,62,90,10.36
74,Deputatskiy,RU,2021-04-08 01:14:21,69.3,139.9,-1.57,90,82,2.89
75,Nalut,LY,2021-04-08 01:14:21,30.3333,10.85,65.23,27,0,13.33
76,New Norfolk,AU,2021-04-08 01:14:22,-42.7826,147.0587,72.0,30,100,1.99
77,Yerbogachen,RU,2021-04-08 01:07:26,61.2767,108.0108,33.21,92,32,10.13
78,Cape Town,ZA,2021-04-08 01:07:10,-33.9258,18.4232,63.0,94,0,11.5
79,Yuanping,CN,2021-04-08 01:14:22,38.7153,112.7575,53.42,45,0,2.82
80,Mareeba,AU,2021-04-08 01:14:22,-17.0,145.4333,90.0,65,28,4.0
81,Bluff,NZ,2021-04-08 01:07:50,-46.6,168.3333,64.99,61,17,3.0
82,Cap Malheureux,MU,2021-04-08 01:14:23,-19.9842,57.6142,80.01,75,96,3.0
83,Bulancak,TR,2021-04-08 01:14:23,40.9372,38.2291,50.0,100,0,1.95
84,Quatre Cocos,MU,2021-04-08 01:14:23,-20.2078,57.7625,80.01,88,75,9.22
85,Klaksvik,FO,2021-04-08 01:14:19,62.2266,-6.589,35.6,100,90,19.57
86,Comodoro Rivadavia,AR,2021-04-08 01:09:41,-45.8667,-67.5,64.4,39,0,13.8
87,Darnah,LY,2021-04-08 01:13:24,32.767,22.6367,59.13,51,100,3.38
88,Amapa,BR,2021-04-08 01:14:24,1.0,-52.0,72.0,99,100,1.92
89,Tamandare,BR,2021-04-08 01:14:24,-8.7597,-35.1047,78.39,79,100,7.43
90,Kenitra,MA,2021-04-08 01:14:25,34.261,-6.5802,60.8,94,75,3.44
91,Saldanha,ZA,2021-04-08 01:14:25,-33.0117,17.9442,59.0,88,4,4.61
92,Sorong,ID,2021-04-08 01:14:21,-0.8833,131.25,83.48,72,100,4.7
93,Kalmar,SE,2021-04-08 01:12:18,56.6616,16.3616,35.01,100,90,2.3
94,Zelenogorskiy,RU,2021-04-08 01:14:26,55.0333,87.0,32.0,80,40,13.42
95,Atuona,PF,2021-04-08 01:08:12,-9.8,-139.0333,80.73,73,5,15.26
96,Chuy,UY,2021-04-08 01:14:26,-33.6971,-53.4616,69.89,82,0,13.6
97,Chippewa Falls,US,2021-04-08 01:14:26,44.9369,-91.3929,71.6,53,1,8.05
98,Jumla,NP,2021-04-08 01:14:27,29.2747,82.1838,43.84,67,1,5.01
99,Bud,US,2021-04-08 01:14:27,39.447,-86.1758,64.99,82,49,10.13
100,Husavik,IS,2021-04-08 01:14:27,66.0449,-17.3389,23.0,86,90,19.57
101,Solnechnyy,RU,2021-04-08 01:14:27,50.7214,136.6319,27.23,87,100,8.41
102,Nikolsk,RU,2021-04-08 01:14:28,53.7189,46.0712,40.91,88,100,18.21
103,Bambous Virieux,MU,2021-04-08 01:07:35,-20.3428,57.7575,80.01,88,75,9.22
104,Markova,UA,2021-04-08 01:14:28,48.6758,24.4138,23.16,86,36,6.64
105,Bengkulu,ID,2021-04-08 01:07:51,-3.8004,102.2655,77.49,81,96,3.36
106,Albany,US,2021-04-08 01:14:29,42.6001,-73.9662,57.2,58,20,9.22
107,Talnakh,RU,2021-04-08 01:14:29,69.4865,88.3972,1.56,95,69,0.4
108,Tayoltita,MX,2021-04-08 01:14:29,24.0833,-105.9333,75.88,38,36,4.5
109,Sterling,US,2021-04-08 01:10:59,39.0062,-77.4286,71.6,46,40,8.05
110,Oliva,ES,2021-04-08 01:14:30,38.9197,-0.1194,53.01,77,100,7.87
111,Middle Island,US,2021-04-08 01:14:30,40.8843,-72.9373,50.0,71,1,3.44
112,Volzhsk,RU,2021-04-08 01:14:30,55.8664,48.3594,35.6,87,75,8.95
113,Sao Geraldo Do Araguaia,BR,2021-04-08 01:14:31,-6.4006,-48.555,75.97,89,97,0.09
114,Khasan,RU,2021-04-08 01:14:31,42.4308,130.6434,42.53,37,18,13.15
115,Manggar,ID,2021-04-08 01:14:31,-2.8833,108.2667,81.12,81,100,10.51
116,Lukaya,UG,2021-04-08 01:14:31,-0.1489,31.8748,64.42,88,90,3.27
117,Gavle,SE,2021-04-08 01:14:32,60.6745,17.1417,28.0,58,29,3.0
118,Mercedes,AR,2021-04-08 01:14:32,-34.6515,-59.4307,75.99,79,24,3.0
119,Asyut,EG,2021-04-08 01:14:32,27.181,31.1837,69.8,32,0,6.91
120,Cururupu,BR,2021-04-08 01:14:33,-1.8283,-44.8683,77.72,86,100,2.44
121,Nemuro,JP,2021-04-08 01:14:33,43.3236,145.575,44.6,53,20,3.44
122,Balabac,PH,2021-04-08 01:14:33,7.9868,117.0645,82.67,73,100,6.67
123,Mahon,ES,2021-04-08 01:14:34,39.8885,4.2658,42.8,61,0,5.75
124,Inhambane,MZ,2021-04-08 01:14:34,-23.865,35.3833,71.51,83,8,4.79
125,Viedma,AR,2021-04-08 01:14:34,-40.8135,-62.9967,64.96,65,100,7.14
126,Torbay,CA,2021-04-08 01:14:34,47.6666,-52.7314,36.0,100,90,13.8
127,Kampene,CD,2021-04-08 01:14:35,-3.6,26.6667,68.61,99,100,1.21
128,Skjervoy,NO,2021-04-08 01:14:35,70.0311,20.9714,33.28,66,100,13.47
129,Wailuku,US,2021-04-08 01:11:38,20.8911,-156.5047,78.8,53,40,21.85
130,Port Hardy,CA,2021-04-08 01:14:36,50.6996,-127.4199,42.8,87,75,11.5
131,Komsomolskiy,UZ,2021-04-08 01:07:49,40.4272,71.7189,46.4,66,0,6.91
132,Margate,GB,2021-04-08 01:14:36,51.3813,1.3862,39.0,53,6,1.01
133,Siuri,IN,2021-04-08 01:14:36,23.9167,87.5333,77.0,78,1,5.75
134,Olinda,BR,2021-04-08 01:14:36,-8.0089,-34.8553,78.8,73,40,10.36
135,Olafsvik,IS,2021-04-08 01:12:47,64.8945,-23.7142,27.64,75,100,43.71
136,Natchitoches,US,2021-04-08 01:14:37,31.7668,-93.1335,64.4,100,75,7.67
137,Srednekolymsk,RU,2021-04-08 01:14:37,67.45,153.6833,9.37,79,85,3.74
138,Grants,US,2021-04-08 01:14:38,35.1473,-107.8514,62.6,7,1,14.97
139,Kaitangata,NZ,2021-04-08 01:08:07,-46.2817,169.8464,64.0,60,8,5.99
140,Adrar,MR,2021-04-08 01:14:38,20.5022,-10.0711,76.42,21,5,10.8
141,Hilo,US,2021-04-08 01:06:17,19.7297,-155.09,77.0,57,20,12.66
142,Usinsk,RU,2021-04-08 01:14:38,65.9939,57.5281,28.27,94,99,5.53
143,Bastrop,US,2021-04-08 01:14:39,32.7562,-91.8724,69.01,94,90,8.05
144,Bahia Blanca,AR,2021-04-08 01:14:39,-38.7196,-62.2724,68.27,89,100,7.16
145,Klyuchi,RU,2021-04-08 01:14:39,52.2667,79.1667,37.18,80,100,3.11
146,Sisophon,KH,2021-04-08 01:14:39,13.5859,102.9737,83.3,67,96,6.24
147,Constitucion,CL,2021-04-08 01:07:53,-35.3333,-72.4167,55.58,83,63,8.03
148,Windhoek,NA,2021-04-08 01:14:40,-22.5594,17.0832,61.0,82,0,6.91
149,Ancud,CL,2021-04-08 01:08:15,-41.8697,-73.8203,54.0,88,100,11.01
150,Maryborough,AU,2021-04-08 01:14:40,-25.5333,152.7,80.01,67,0,5.01
151,Los Llanos De Aridane,ES,2021-04-08 01:14:41,28.6585,-17.9182,68.0,88,75,6.91
152,Bellingham,US,2021-04-08 01:14:41,48.7595,-122.4882,45.0,93,90,9.22
153,Carnarvon,AU,2021-04-08 01:07:23,-24.8667,113.6333,78.8,61,5,23.02
154,Lagunas,PE,2021-04-08 01:14:41,-5.2269,-75.6753,73.22,99,95,2.66
155,Iqaluit,CA,2021-04-08 01:07:54,63.7506,-68.5145,33.8,93,90,28.77
156,Lhokseumawe,ID,2021-04-08 01:14:42,5.1801,97.1507,78.48,83,99,3.11
157,Russell,US,2021-04-08 01:14:42,32.3502,-85.1999,73.4,68,1,4.61
158,Provideniya,RU,2021-04-08 01:08:03,64.3833,-173.3,5.0,66,0,4.47
159,Victoria,HK,2021-04-08 01:05:57,22.2855,114.1577,75.0,79,96,1.01
160,Makakilo City,US,2021-04-08 01:14:42,21.3469,-158.0858,78.8,53,75,13.8
161,Northam,GB,2021-04-08 01:14:43,51.0333,-4.2167,41.0,83,95,5.99
162,Mar Del Plata,AR,2021-04-08 01:07:43,-38.0023,-57.5575,71.6,83,1,9.22
163,Faanui,PF,2021-04-08 01:08:11,-16.4833,-151.75,81.36,68,62,13.24
164,Harper,LR,2021-04-08 01:14:43,4.375,-7.7169,79.72,86,64,4.09
165,Sugod,PH,2021-04-08 01:14:44,12.987,124.0805,80.73,71,57,8.48
166,Rosetta,EG,2021-04-08 01:14:44,31.4044,30.4164,60.8,82,20,5.75
167,Longyearbyen,SJ,2021-04-08 01:07:54,78.2186,15.6401,23.0,80,75,16.11
168,Strezhevoy,RU,2021-04-08 01:12:45,60.7333,77.5889,32.0,93,90,2.24
169,Sfantu Gheorghe,RO,2021-04-08 01:14:44,45.8667,25.7833,21.22,95,81,1.41
170,Petropavlovsk-Kamchatskiy,RU,2021-04-08 01:14:45,53.0452,158.6483,35.6,55,40,2.24
171,Cherskiy,RU,2021-04-08 01:07:41,68.75,161.3,-0.49,87,100,4.18
172,Tuatapere,NZ,2021-04-08 01:08:18,-46.1333,167.6833,64.99,61,15,3.0
173,Axim,GH,2021-04-08 01:14:45,4.8699,-2.2405,80.33,89,47,5.55
174,Avera,US,2021-04-08 01:14:46,33.194,-82.5271,71.6,49,1,7.38
175,Port-Gentil,GA,2021-04-08 01:14:46,-0.7193,8.7815,81.39,80,46,8.9
176,Bubaque,GW,2021-04-08 01:14:46,11.2833,-15.8333,77.52,78,20,12.44
177,Beringovskiy,RU,2021-04-08 01:08:04,63.05,179.3167,4.35,83,14,8.3
178,Naze,JP,2021-04-08 01:14:47,28.3667,129.4833,71.6,53,75,10.36
179,Manokwari,ID,2021-04-08 01:12:26,-0.8667,134.0833,82.76,74,100,5.53
180,East London,ZA,2021-04-08 01:07:34,-33.0153,27.9116,65.59,78,9,9.93
181,Egvekinot,RU,2021-04-08 01:14:47,66.3167,-179.1667,-1.91,78,6,2.53
182,Yenagoa,NG,2021-04-08 01:14:47,4.9247,6.2642,78.55,92,100,4.27
183,Port Moresby,PG,2021-04-08 01:14:48,-9.4431,147.1797,83.88,69,92,10.89
184,Whitehorse,CA,2021-04-08 01:14:48,60.7161,-135.0538,19.99,32,20,6.91
185,Maralal,KE,2021-04-08 01:14:48,1.0968,36.698,58.78,87,11,6.13
186,Bonavista,CA,2021-04-08 01:14:49,48.6499,-53.1147,37.99,100,96,4.61
187,Aksarka,RU,2021-04-08 01:14:49,66.5606,67.7975,27.82,90,100,6.44
188,Hangu,CN,2021-04-08 01:14:49,39.2489,117.7892,51.8,40,0,2.24
189,Kentau,KZ,2021-04-08 01:14:50,43.5206,68.5094,51.73,52,3,6.13
190,Kulhudhuffushi,MV,2021-04-08 01:14:50,6.6221,73.07,82.24,75,18,7.78
191,Urusha,RU,2021-04-08 01:14:50,54.05,122.9,25.88,60,73,2.39
192,Coquimbo,CL,2021-04-08 01:13:37,-29.9533,-71.3436,60.8,88,90,3.44
193,Georgetown,MY,2021-04-08 01:07:26,5.4112,100.3354,80.6,94,20,2.3
194,Hami,CN,2021-04-08 01:13:03,42.8,93.45,60.55,19,80,8.63
195,Ponta Delgada,PT,2021-04-08 01:14:51,37.7333,-25.6667,60.8,82,75,20.71
196,Caravelas,BR,2021-04-08 01:14:51,-17.7125,-39.2481,73.76,86,100,10.94
197,Nouadhibou,MR,2021-04-08 01:11:19,20.931,-17.0347,64.4,82,0,13.8
198,Huarmey,PE,2021-04-08 01:11:20,-10.0681,-78.1522,70.5,86,97,8.23
199,Gayny,RU,2021-04-08 01:14:52,60.3071,54.3241,34.54,98,100,5.57
200,Gambela,ET,2021-04-08 01:14:52,8.25,34.5833,78.37,54,43,3.13
201,Laguna,US,2021-04-08 01:05:23,38.421,-121.4238,66.0,41,7,7.0
202,Anastacio,BR,2021-04-08 01:14:52,-20.4836,-55.8069,71.8,90,97,3.11
203,Miyako,JP,2021-04-08 01:14:53,39.6367,141.9525,49.15,39,51,2.8
204,Lebu,CL,2021-04-08 01:08:02,-37.6167,-73.65,54.79,90,2,4.36
205,West Fargo,US,2021-04-08 01:12:00,46.875,-96.9004,46.4,81,90,19.57
206,Gazli,UZ,2021-04-08 01:14:53,40.1333,63.45,60.15,28,0,8.14
207,Upernavik,GL,2021-04-08 01:07:59,72.7868,-56.1549,-3.14,88,95,7.02
208,Ballina,AU,2021-04-08 01:07:46,-28.8667,153.5667,73.4,83,75,11.5
209,Airai,TL,2021-04-08 01:08:04,-8.9266,125.4092,68.58,77,100,1.16
210,Clyde River,CA,2021-04-08 01:03:16,70.4692,-68.5914,8.6,92,90,4.61
211,Falavarjan,IR,2021-04-08 01:14:54,32.5553,51.5097,44.6,36,100,4.61
212,Elliot Lake,CA,2021-04-08 01:14:54,46.3834,-82.6331,55.4,50,1,9.22
213,Memmingen,DE,2021-04-08 01:14:54,47.9837,10.1853,33.01,80,90,16.11
214,Hervey Bay,AU,2021-04-08 01:14:06,-25.2986,152.8535,80.01,67,0,5.01
215,Pangnirtung,CA,2021-04-08 01:14:55,66.1451,-65.7125,30.04,95,100,9.06
216,Bahar,IR,2021-04-08 01:14:55,34.9072,48.4414,54.95,22,98,3.22
217,Kavaratti,IN,2021-04-08 01:03:10,10.5669,72.642,83.19,73,68,9.86
218,Taoudenni,ML,2021-04-08 01:14:56,22.6783,-3.9836,82.42,15,0,10.16
219,Saint George,US,2021-04-08 01:07:43,37.1041,-113.5841,78.8,7,1,10.36
220,Maragogi,BR,2021-04-08 01:14:56,-9.0122,-35.2225,78.51,76,100,7.58
221,Banda Aceh,ID,2021-04-08 01:12:08,5.5577,95.3222,80.22,79,99,7.05
222,San Jose,US,2021-04-08 01:03:00,37.3394,-121.895,62.01,58,20,12.66
223,College,US,2021-04-08 01:14:56,64.8569,-147.8028,19.99,38,40,2.06
224,Vardo,NO,2021-04-08 01:13:23,70.3705,31.1107,32.29,73,59,3.27
225,Sujiatun,CN,2021-04-08 01:14:57,41.6592,123.3392,46.4,31,0,4.47
226,Narsaq,GL,2021-04-08 01:05:11,60.9167,-46.05,35.6,64,75,1.14
227,Erzin,TR,2021-04-08 01:14:57,36.9559,36.2,63.0,92,5,1.7
228,Gonaives,HT,2021-04-08 01:14:57,19.45,-72.6833,75.85,80,100,9.31
229,Sotouboua,TG,2021-04-08 01:14:58,8.5667,0.9833,84.2,65,0,3.91
230,Saint-Georges,GD,2021-04-08 01:14:58,12.0564,-61.7485,78.8,89,75,8.05
231,Ferrol,ES,2021-04-08 01:14:58,43.4832,-8.2369,52.0,76,0,6.82
232,Santa Marta,CO,2021-04-08 01:11:42,11.2408,-74.199,84.2,79,40,8.05
233,Burnie,AU,2021-04-08 01:14:59,-41.0667,145.9167,64.99,84,100,1.99
234,Bakel,SN,2021-04-08 01:14:59,14.905,-12.4568,88.34,9,0,5.37
235,Filingue,NE,2021-04-08 01:14:59,14.3521,3.3168,86.16,8,56,6.49
236,Porto Belo,BR,2021-04-08 01:15:00,-27.1578,-48.5531,75.2,73,75,11.5
237,Plettenberg Bay,ZA,2021-04-08 01:15:00,-34.0527,23.3716,61.3,90,6,1.66
238,Asau,RO,2021-04-08 01:15:00,46.4333,26.4,30.2,86,0,4.61
239,Tura,IN,2021-04-08 01:08:05,25.5198,90.2201,72.43,67,0,6.98
240,Esperance,AU,2021-04-08 01:07:54,-33.8667,121.9,62.6,94,90,5.75
241,Betafo,MG,2021-04-08 01:15:01,-19.8333,46.85,59.65,96,81,5.19
242,Nome,US,2021-04-08 01:07:34,64.5011,-165.4064,6.8,56,1,14.97
243,Abu Samrah,SY,2021-04-08 01:15:01,35.3029,37.1841,61.56,38,99,6.31
244,Kruisfontein,ZA,2021-04-08 01:08:03,-34.0033,24.7314,59.0,93,18,3.38
245,Kununurra,AU,2021-04-08 01:11:56,-15.7667,128.7333,89.6,58,100,2.3
246,Xinxiang,CN,2021-04-08 01:15:02,35.3089,113.8672,60.58,43,2,6.98
247,Guerrero Negro,MX,2021-04-08 01:15:02,27.9769,-114.0611,67.42,62,10,16.75
248,Yar-Sale,RU,2021-04-08 01:15:02,66.8333,70.8333,10.33,100,100,3.31
249,Nhulunbuy,AU,2021-04-08 01:15:03,-12.2333,136.7667,84.2,58,20,5.75
250,Ponta Do Sol,PT,2021-04-08 01:08:08,32.6667,-17.1,62.01,77,100,1.99
251,Chilca,PE,2021-04-08 01:15:03,-12.5211,-76.7372,69.8,78,0,14.97
252,Lagoa,PT,2021-04-08 01:15:03,39.05,-27.9833,59.22,92,24,22.91
253,Balikpapan,ID,2021-04-08 01:15:04,-1.2675,116.8289,79.93,79,95,3.42
254,Turangi,NZ,2021-04-08 01:15:04,-39.0,175.9333,73.0,53,5,4.0
255,Labuhan,ID,2021-04-08 01:15:04,-6.8844,112.2051,81.9,79,100,10.47
256,Alamogordo,US,2021-04-08 01:15:05,32.8995,-105.9603,75.99,7,1,5.48
257,Ulaangom,MN,2021-04-08 01:07:55,49.9811,92.0667,44.22,33,1,3.49
258,San Cristobal,VE,2021-04-08 01:15:05,7.7669,-72.225,78.8,94,40,3.44
259,Pangkalanbuun,ID,2021-04-08 01:10:15,-2.6833,111.6167,83.1,70,100,4.43
260,Anadyr,RU,2021-04-08 01:15:06,64.75,177.4833,-9.0,77,0,6.71
261,Rosa Zarate,EC,2021-04-08 01:15:06,0.3333,-79.4667,74.55,94,100,0.94
262,Tual,ID,2021-04-08 01:15:07,-5.6667,132.75,83.32,70,85,6.64
263,Marystown,CA,2021-04-08 01:15:07,47.1666,-55.1483,43.09,81,100,21.25
264,Souillac,MU,2021-04-08 01:08:14,-20.5167,57.5167,77.0,88,75,9.22
265,Nguru,NG,2021-04-08 01:15:08,12.8791,10.4526,84.88,13,100,8.5
266,Kutum,SD,2021-04-08 01:15:08,14.2,24.6667,72.45,8,95,8.46
267,Lardos,GR,2021-04-08 01:15:08,36.0942,28.0157,59.0,77,40,3.44
268,Baykit,RU,2021-04-08 01:15:08,61.67,96.37,31.37,89,96,4.76
269,Byron Bay,AU,2021-04-08 01:15:09,-28.65,153.6167,73.4,83,75,11.5
270,Motygino,RU,2021-04-08 01:15:09,58.1831,94.7592,29.43,94,99,3.98
271,Tarakan,ID,2021-04-08 01:14:05,3.3,117.6333,79.18,79,96,4.27
272,Monywa,MM,2021-04-08 01:10:42,22.1167,95.1333,85.12,46,0,6.76
273,Ostrovnoy,RU,2021-04-08 01:08:04,68.0531,39.5131,30.34,87,100,11.16
274,Katubao,PH,2021-04-08 01:15:10,5.8892,124.8294,84.2,74,40,3.44
275,Verkhnyaya Balkariya,RU,2021-04-08 01:15:10,43.1279,43.4573,48.2,66,28,2.24
276,Ailigandi,PA,2021-04-08 01:15:10,9.2333,-78.0167,79.81,88,100,4.18
277,Broome,US,2021-04-08 01:12:46,42.2506,-75.833,57.2,44,1,5.75
278,Seydisehir,TR,2021-04-08 01:15:11,37.4193,31.8453,43.68,48,100,4.38
279,Fort Wayne,US,2021-04-08 01:12:44,41.1306,-85.1289,66.2,63,40,5.75
280,Zatoka,UA,2021-04-08 01:15:11,46.0725,30.4654,35.6,75,0,11.18
281,Bar Harbor,US,2021-04-08 01:15:11,44.3876,-68.2039,51.8,76,90,9.22
282,Yuli,NG,2021-04-08 01:15:12,9.6989,10.2744,83.97,14,100,6.24
283,Agadez,NE,2021-04-08 01:15:12,19.75,10.25,79.88,8,100,7.0
284,Akmene,LT,2021-04-08 01:15:12,56.25,22.75,33.8,100,90,10.36
285,San Patricio,US,2021-04-08 01:15:13,28.017,-97.5169,77.0,88,75,11.5
286,Saint-Philippe,RE,2021-04-08 01:07:43,-21.3585,55.7679,77.0,78,90,5.75
287,Lompoc,US,2021-04-08 01:07:52,34.6391,-120.4579,59.0,63,48,12.66
288,Ribeira Grande,PT,2021-04-08 01:15:13,38.5167,-28.7,60.1,90,54,20.87
289,La Asuncion,VE,2021-04-08 01:15:13,11.0333,-63.8628,89.6,58,76,14.97
290,Grand Baie,MU,2021-04-08 01:15:14,-20.0182,57.5802,80.01,75,97,3.0
291,Ayan,RU,2021-04-08 01:15:14,56.45,138.1667,24.53,88,100,14.85
292,Ayagoz,KZ,2021-04-08 01:15:14,47.9714,80.4392,40.78,88,20,9.95
293,Youhao,CN,2021-04-08 01:15:15,47.8667,128.8333,31.42,41,85,10.87
294,Cabo San Lucas,MX,2021-04-08 01:12:56,22.8909,-109.9124,84.2,26,40,11.5
295,Gull Lake,CA,2021-04-08 01:15:15,50.1001,-108.4847,60.8,16,1,16.11
296,Kitakata,JP,2021-04-08 01:15:16,37.65,139.8667,54.0,40,75,8.05
297,Nuevitas,CU,2021-04-08 01:15:16,21.5453,-77.2644,71.6,78,20,10.36
298,Bam,IR,2021-04-08 01:15:16,29.106,58.357,66.51,12,0,3.13
299,Ligayan,PH,2021-04-08 01:12:24,4.6533,119.4706,82.29,70,74,1.83
300,Phonhong,LA,2021-04-08 01:15:16,18.5007,102.4166,78.8,89,5,2.3
301,Valparaiso,CL,2021-04-08 01:15:17,-33.0393,-71.6273,62.01,88,0,8.05
302,Faya,SA,2021-04-08 01:07:53,18.3851,42.4509,62.6,58,0,4.14
303,Urgut,UZ,2021-04-08 01:15:17,39.4022,67.2431,51.8,62,0,6.91
304,Encruzilhada Do Sul,BR,2021-04-08 01:15:17,-30.5439,-52.5219,63.01,85,0,6.42
305,Ulladulla,AU,2021-04-08 01:15:18,-35.35,150.4667,75.0,68,40,4.61
306,Fairbanks,US,2021-04-08 01:15:18,64.8378,-147.7164,19.99,53,1,1.79
307,Vangaindrano,MG,2021-04-08 01:15:19,-23.35,47.6,70.9,84,25,3.15
308,Abu Kamal,SY,2021-04-08 01:15:19,34.4506,40.9171,71.15,23,100,9.98
309,Vanavara,RU,2021-04-08 01:15:19,60.34,102.2797,29.35,91,100,4.9
310,Sistranda,NO,2021-04-08 01:15:20,63.7256,8.834,32.0,86,75,16.11
311,Xixiang,CN,2021-04-08 01:15:20,35.1628,112.865,61.74,46,19,4.85
312,Talara,PE,2021-04-08 01:14:13,-4.5772,-81.2719,71.89,81,93,10.16
313,Neuquen,AR,2021-04-08 01:15:20,-38.9516,-68.0591,62.6,67,0,3.44
314,Thai Binh,VN,2021-04-08 01:15:21,20.45,106.3333,77.0,94,75,8.05
315,Dunedin,NZ,2021-04-08 01:15:21,-45.8742,170.5036,62.01,75,15,8.99
316,Sucre,BO,2021-04-08 01:15:21,-19.0333,-65.2627,59.76,66,33,4.7
317,Balsas,BR,2021-04-08 01:15:21,-7.5325,-46.0356,78.19,74,87,2.19
318,Khuzhir,RU,2021-04-08 01:15:22,53.1939,107.3397,29.48,88,52,5.03
319,Wau,SS,2021-04-08 01:15:22,7.7029,27.9953,86.85,35,100,3.94
320,Hvide Sande,DK,2021-04-08 01:15:22,56.0045,8.1294,37.99,75,19,7.0
321,Rodrigues Alves,BR,2021-04-08 01:15:23,-7.738,-72.6509,74.12,98,100,2.62
322,Bonthe,SL,2021-04-08 01:15:23,7.5264,-12.505,79.18,87,100,5.3
323,Bay-Khaak,RU,2021-04-08 01:15:23,51.1667,94.5,40.66,64,22,2.91
324,Cardston,CA,2021-04-08 01:15:24,49.2,-113.3019,57.2,21,99,9.22
325,Port Lincoln,AU,2021-04-08 01:15:24,-34.7333,135.8667,79.86,31,100,13.62
326,Oranjestad,AW,2021-04-08 01:15:24,12.524,-70.027,80.6,78,40,18.41
327,Ajdabiya,LY,2021-04-08 01:15:25,30.7554,20.2263,60.21,49,97,7.4
328,Evensk,RU,2021-04-08 01:15:25,61.95,159.2333,14.02,81,22,1.9
329,Chiang Klang,TH,2021-04-08 01:15:25,19.2938,100.8617,79.0,94,75,0.2
330,Vao,NC,2021-04-08 01:15:26,-22.6667,167.4833,76.42,75,21,17.16
331,Aklavik,CA,2021-04-08 01:15:26,68.2191,-135.0107,8.6,47,40,3.44
332,Bilibino,RU,2021-04-08 01:15:26,68.0546,166.4372,0.27,77,40,2.01
333,Los Reyes,MX,2021-04-08 01:15:26,19.35,-98.9667,75.2,15,40,5.75
334,Igrim,RU,2021-04-08 01:15:27,63.1906,64.4162,31.42,95,100,5.21
335,Hamilton,US,2021-04-08 01:07:46,39.1834,-84.5333,73.4,53,1,4.61
336,Arona,ES,2021-04-08 01:15:27,28.0996,-16.681,68.0,94,40,6.91
337,Fuxin,CN,2021-04-08 01:15:27,42.0156,121.6589,51.87,19,0,9.42
338,Sao Felix Do Xingu,BR,2021-04-08 01:15:28,-6.6447,-51.995,75.54,86,100,3.15
339,Thompson,CA,2021-04-08 01:04:21,55.7435,-97.8558,46.4,46,20,9.22
340,Yulara,AU,2021-04-08 01:15:28,-25.2406,130.9889,77.0,29,6,9.22
341,Sergeyevka,KZ,2021-04-08 01:15:28,53.88,67.4158,35.96,98,98,7.02
342,Qasigiannguit,GL,2021-04-08 01:15:29,68.8193,-51.1922,17.6,62,75,2.3
343,Mokhsogollokh,RU,2021-04-08 01:15:29,61.4681,128.9203,14.41,78,96,6.85
344,Cayenne,GF,2021-04-08 01:14:08,4.9333,-52.3333,75.99,100,75,3.4
345,Zheleznodorozhnyy,RU,2021-04-08 01:15:29,55.7503,38.0042,39.0,100,90,4.47
346,Barrow,US,2021-04-08 01:14:47,71.2906,-156.7887,-18.4,63,90,10.36
347,Tilichiki,RU,2021-04-08 01:15:30,60.4667,166.1,9.91,79,6,6.85
348,Westport,US,2021-04-08 01:15:30,41.1415,-73.3579,52.0,62,1,6.91
349,Saint Anthony,US,2021-04-08 01:15:31,45.0205,-93.218,66.2,82,20,10.36
350,Macamic,CA,2021-04-08 01:15:31,48.7502,-78.9996,53.6,37,90,4.61
351,Labuan,MY,2021-04-08 01:15:31,5.2767,115.2417,78.8,94,40,2.3
352,Tretten,NO,2021-04-08 01:15:31,61.3142,10.3007,26.01,76,98,4.63
353,Dingle,PH,2021-04-08 01:07:51,10.9995,122.6711,83.17,66,100,8.43
354,Samarai,PG,2021-04-08 01:15:32,-10.6167,150.6667,83.66,70,100,3.89
355,Diu,IN,2021-04-08 01:15:32,20.7141,70.9822,76.08,66,0,12.57
356,Yishui,CN,2021-04-08 01:15:32,35.7847,118.6281,56.39,36,0,7.2
357,Okhotsk,RU,2021-04-08 01:14:24,59.3833,143.3,20.23,81,100,5.41
358,Erenhot,CN,2021-04-08 01:15:33,43.6475,111.9767,44.73,36,0,10.74
359,Porto Seguro,BR,2021-04-08 01:12:02,-16.4497,-39.0647,71.6,94,90,8.05
360,Moron,AR,2021-04-08 01:15:33,-34.6534,-58.6198,79.0,64,31,3.0
361,Nizhniy Odes,RU,2021-04-08 01:15:33,63.6445,54.856,31.3,94,93,6.44
362,Nanuque,BR,2021-04-08 01:15:34,-17.8392,-40.3539,69.31,95,100,6.44
363,Zaysan,KZ,2021-04-08 01:15:34,47.4667,84.8667,44.73,67,12,4.12
364,Paramonga,PE,2021-04-08 01:15:34,-10.6667,-77.8333,69.55,88,95,7.07
365,Port Blair,IN,2021-04-08 01:07:47,11.6667,92.75,81.66,71,43,0.92
366,Tigil,RU,2021-04-08 01:15:35,57.8,158.6667,23.5,79,27,11.39
367,Sitka,US,2021-04-08 01:08:13,57.0531,-135.33,39.2,56,75,9.22
368,Ginda,IN,2021-04-08 01:15:35,30.6945,78.4932,49.82,34,0,10.22
369,Yanggu,CN,2021-04-08 01:15:35,36.1106,115.7753,59.04,52,0,4.79
370,Sinnamary,GF,2021-04-08 01:15:36,5.3833,-52.95,74.59,91,99,3.02
371,Ribera,IT,2021-04-08 01:15:36,37.4984,13.2642,46.99,63,3,17.0
372,Jinchang,CN,2021-04-08 01:15:36,38.4953,102.1739,49.53,48,73,3.22
373,Gorontalo,ID,2021-04-08 01:15:12,0.5412,123.0595,84.83,70,100,0.78
374,San Borja,BO,2021-04-08 01:08:09,-14.8167,-66.85,73.87,98,98,1.59
375,Gouyave,GD,2021-04-08 01:15:37,12.1646,-61.7296,78.8,89,75,8.05
376,Ewa Beach,US,2021-04-08 01:15:37,21.3156,-158.0072,78.8,53,75,13.8
377,Yanam,IN,2021-04-08 01:07:34,16.7333,82.2167,80.6,89,40,2.3
378,Atakpame,TG,2021-04-08 01:15:38,7.5333,1.1333,76.03,83,16,4.36
379,Sembakung,ID,2021-04-08 01:15:38,3.8167,117.25,76.71,95,87,3.09
380,Trairi,BR,2021-04-08 01:12:11,-3.2778,-39.2689,80.76,81,93,11.21
381,Hohhot,CN,2021-04-08 01:12:37,40.8106,111.6522,42.8,56,0,4.47
382,Aketi,CD,2021-04-08 01:15:39,2.7388,23.7833,72.59,89,100,6.17
383,Luz,BR,2021-04-08 01:15:39,-19.8014,-45.6856,67.17,82,80,9.13
384,Matara,LK,2021-04-08 01:15:39,5.9485,80.5353,75.38,84,18,3.11
385,Namibe,AO,2021-04-08 01:15:39,-15.1961,12.1522,78.55,82,70,6.67
386,Beloha,MG,2021-04-08 01:15:40,-25.1667,45.05,70.2,87,0,11.77
387,Dzhebariki-Khaya,RU,2021-04-08 01:15:40,62.2167,135.8,14.72,86,100,1.16
388,Cocachacra,PE,2021-04-08 01:15:41,-17.0883,-71.7575,69.3,85,100,4.05
389,Santa Cruz,BO,2021-04-08 01:13:46,-17.8,-63.1667,77.0,83,9,3.44
390,Tessalit,ML,2021-04-08 01:15:41,20.1986,1.0114,79.56,11,100,8.68
391,Kembe,CF,2021-04-08 01:11:17,4.6228,21.8865,75.47,72,100,3.67
392,Pevek,RU,2021-04-08 01:07:48,69.7008,170.3133,-13.38,93,79,4.47
393,Sao Jose Da Coroa Grande,BR,2021-04-08 01:15:41,-8.8978,-35.1478,78.6,77,100,7.94
394,Doka,SD,2021-04-08 01:15:42,13.5167,35.7667,85.24,11,86,8.19
395,Sao Raimundo Nonato,BR,2021-04-08 01:15:42,-9.0153,-42.6994,76.39,53,37,2.28
396,Ola,RU,2021-04-08 01:15:42,59.5833,151.2833,19.96,67,4,5.68
397,Casper,US,2021-04-08 01:13:28,42.8666,-106.3131,55.0,32,1,12.66
398,Gat,IL,2021-04-08 01:15:43,31.61,34.7642,60.01,58,0,3.44
399,Kambove,CD,2021-04-08 01:15:43,-10.8764,26.5969,58.12,97,100,4.74
400,Preston,GB,2021-04-08 01:15:43,53.7667,-2.7167,41.0,82,100,9.13
401,Halifax,CA,2021-04-08 01:14:02,44.6453,-63.5724,44.6,87,100,10.36
402,Soke,ML,2021-04-08 01:15:44,13.598,-5.9386,88.0,9,100,9.75
403,Tomatlan,MX,2021-04-08 01:15:44,19.9333,-105.25,77.58,50,0,6.8
404,Kalmunai,LK,2021-04-08 01:15:45,7.4167,81.8167,76.17,86,65,5.06
405,Mount Gambier,AU,2021-04-08 01:07:38,-37.8333,140.7667,66.2,59,100,12.66
406,Cadillac,US,2021-04-08 01:15:45,44.2519,-85.4012,60.8,88,40,6.91
407,Piacabucu,BR,2021-04-08 01:15:45,-10.4056,-36.4344,77.2,75,100,7.76
408,Korsakov,RU,2021-04-08 01:15:46,46.6328,142.7813,33.8,69,75,8.95
409,Conceicao Do Araguaia,BR,2021-04-08 01:15:46,-8.2578,-49.2647,76.33,88,94,2.17
410,Qena,EG,2021-04-08 01:15:46,26.1615,32.7183,64.4,20,0,4.83
411,Acapulco,MX,2021-04-08 01:15:20,16.8634,-99.8901,82.4,69,40,8.05
412,Keetmanshoop,NA,2021-04-08 01:15:47,-26.5833,18.1333,71.6,56,2,10.36
413,Atar,MR,2021-04-08 01:13:16,20.5169,-13.0499,78.89,19,0,7.72
414,La Ronge,CA,2021-04-08 01:08:10,55.1001,-105.2842,51.8,37,99,14.97
415,Caborca,MX,2021-04-08 01:15:47,30.5838,-111.101,88.0,8,26,4.0
416,Bacolod,PH,2021-04-08 01:15:35,10.6667,122.95,84.24,63,100,10.29
417,Vyazemskiy,RU,2021-04-08 01:15:48,47.5378,134.7525,31.01,45,96,3.91
418,Dukat,RU,2021-04-08 01:15:48,62.55,155.55,9.99,67,2,2.62
419,Bilma,NE,2021-04-08 01:15:48,18.6853,12.9164,82.56,6,79,5.48
420,Urumqi,CN,2021-04-08 01:15:49,43.801,87.6005,51.8,58,0,2.24
421,Tevriz,RU,2021-04-08 01:15:49,57.509,72.4042,26.64,98,69,2.04
422,Les Escoumins,CA,2021-04-08 01:15:49,48.1111,-69.0236,41.0,87,54,4.61
423,Galveston,US,2021-04-08 01:15:50,29.3669,-94.9669,73.99,88,90,9.22
424,Karratha,AU,2021-04-08 01:15:50,-20.7377,116.8463,86.43,51,12,12.91
425,Sambava,MG,2021-04-08 01:15:50,-14.2667,50.1667,75.09,92,100,9.66
426,Roma,US,2021-04-08 01:15:50,43.2128,-75.4557,55.4,54,1,4.61
427,Nakamura,JP,2021-04-08 01:15:51,32.9833,132.9333,64.89,39,100,1.54
428,The Valley,AI,2021-04-08 01:15:51,18.217,-63.0578,79.0,73,20,10.36
429,Coffs Harbour,AU,2021-04-08 01:13:30,-30.3,153.1333,69.8,88,75,12.66
430,Nanortalik,GL,2021-04-08 01:13:23,60.1432,-45.2371,35.64,86,100,5.06
431,Isangel,VU,2021-04-08 01:15:52,-19.55,169.2667,86.0,70,40,11.5
432,Las Margaritas,MX,2021-04-08 01:15:52,16.3167,-91.9833,63.66,84,98,4.83
433,Xingyi,CN,2021-04-08 01:15:52,24.1877,102.817,59.23,71,2,3.87
434,Bathsheba,BB,2021-04-08 01:15:52,13.2167,-59.5167,78.8,65,20,10.36
435,Paso De Los Toros,UY,2021-04-08 01:15:53,-32.8167,-56.5167,69.91,72,0,11.3
436,Hasaki,JP,2021-04-08 01:08:03,35.7333,140.8333,55.4,82,75,4.61
437,Yurgamysh,RU,2021-04-08 01:15:53,55.3714,64.4656,34.48,98,100,8.05
438,Bintulu,MY,2021-04-08 01:15:54,3.1667,113.0333,78.8,89,20,2.3
439,Jalu,LY,2021-04-08 01:15:54,29.0331,21.5482,62.62,32,14,8.61
440,Miles City,US,2021-04-08 01:08:12,46.4083,-105.8406,62.6,25,1,5.75
441,Lawrenceburg,US,2021-04-08 01:15:54,38.0373,-84.8966,71.6,64,90,5.75
442,Slave Lake,CA,2021-04-08 01:15:55,55.2834,-114.769,39.2,75,90,10.36
443,Birin,NP,2021-04-08 01:15:55,26.8865,88.0718,62.78,46,0,4.36
444,Plainview,US,2021-04-08 01:15:55,40.7765,-73.4673,53.01,66,1,6.91
445,Ocos,GT,2021-04-08 01:15:56,14.5094,-92.1933,82.4,74,75,2.3
446,Raton,US,2021-04-08 01:13:29,36.9034,-104.4391,62.6,9,1,8.05
447,Namatanai,PG,2021-04-08 01:15:56,-3.6667,152.4333,78.71,88,100,10.58
448,Eidsvag,NO,2021-04-08 01:15:56,62.7767,8.0668,30.2,86,90,5.75
449,Tezu,IN,2021-04-08 01:13:34,27.9167,96.1667,77.83,33,87,1.48
450,Boa Vista,BR,2021-04-08 01:08:16,2.8197,-60.6733,80.6,78,40,6.91
451,Kavieng,PG,2021-04-08 01:15:57,-2.5744,150.7967,79.99,77,100,21.59
452,Winsum,NL,2021-04-08 01:15:57,53.33,6.5208,37.0,86,98,13.02
453,Nara,JP,2021-04-08 01:15:57,34.6851,135.8049,61.0,55,0,2.3
454,Port Hedland,AU,2021-04-08 01:15:58,-20.3167,118.5667,89.6,55,6,8.05
455,General Roca,AR,2021-04-08 01:15:58,-39.0333,-67.5833,62.6,67,0,3.44
456,Dawei,MM,2021-04-08 01:15:58,14.0833,98.2,79.66,78,100,1.83
457,South River,US,2021-04-08 01:15:05,40.4465,-74.386,59.0,49,4,5.66
458,Muros,ES,2021-04-08 01:15:59,42.7762,-9.0603,53.01,87,100,4.79
459,Santa Cruz Cabralia,BR,2021-04-08 01:15:59,-16.2781,-39.0247,71.6,94,90,8.05
460,Mao,ES,2021-04-08 01:15:59,39.8885,4.2658,44.6,57,0,3.44
461,Flin Flon,CA,2021-04-08 01:16:00,54.7682,-101.865,42.49,86,97,13.73
462,Ruteng,ID,2021-04-08 01:16:00,-8.6136,120.4721,71.06,72,69,0.43
463,Vredendal,ZA,2021-04-08 01:16:00,-31.6683,18.5012,61.34,73,0,1.74
464,Homer,US,2021-04-08 01:16:01,59.6425,-151.5483,36.0,47,90,4.61
465,Dong Hoi,VN,2021-04-08 01:16:01,17.4833,106.6,77.7,83,100,5.79
466,Forbes,AU,2021-04-08 01:16:01,-33.3833,148.0167,76.26,46,0,3.22
467,Zunyi,CN,2021-04-08 01:16:02,27.6867,106.9072,54.88,91,100,3.04
468,Ahipara,NZ,2021-04-08 01:13:39,-35.1667,173.1667,70.3,62,76,1.05
469,Mackenzie,CA,2021-04-08 01:15:05,55.2999,-123.1698,39.2,35,75,10.36
470,Yaan,NG,2021-04-08 01:16:02,7.3833,8.5667,84.18,60,81,12.1
471,Xifeng,CN,2021-04-08 01:16:02,42.7372,124.7222,45.77,18,0,11.01
472,Kieta,PG,2021-04-08 01:16:03,-6.2167,155.6333,78.6,90,100,10.38
473,Mongo,TD,2021-04-08 01:16:03,12.1844,18.693,84.45,14,92,5.26
474,Narnaund,IN,2021-04-08 01:16:03,29.2167,76.15,68.14,29,0,7.61
475,Conceicao Da Barra,BR,2021-04-08 01:16:04,-18.5933,-39.7322,72.12,88,100,6.64
476,Nha Trang,VN,2021-04-08 01:11:42,12.25,109.1833,82.4,65,20,6.91
477,Alice Springs,AU,2021-04-08 01:16:04,-23.7,133.8833,82.4,24,0,10.36
478,Aswan,EG,2021-04-08 01:16:04,24.0934,32.907,75.56,18,0,8.25
479,Sakaiminato,JP,2021-04-08 01:16:05,35.55,133.2333,60.8,41,75,3.44
480,Zambezi,ZM,2021-04-08 01:16:05,-13.5432,23.1047,62.55,83,25,4.54
481,Port Macquarie,AU,2021-04-08 01:12:52,-31.4333,152.9167,72.0,94,40,5.75
482,Nicoya,CR,2021-04-08 01:16:05,10.1483,-85.452,80.6,69,0,4.61
483,Udachnyy,RU,2021-04-08 01:16:06,66.4167,112.4,16.12,91,100,10.63
484,Kharan,PK,2021-04-08 01:16:06,28.5833,65.4167,67.53,12,0,4.54
485,Tabou,CI,2021-04-08 01:12:36,4.423,-7.3528,79.52,88,60,5.44
486,Lorengau,PG,2021-04-08 01:16:06,-2.0226,147.2712,81.59,81,100,14.25
487,Aranos,NA,2021-04-08 01:16:07,-24.1333,19.1167,68.11,53,0,9.06
488,Shar,KZ,2021-04-08 01:16:07,49.5886,81.0453,38.59,94,16,1.95
489,Lavrentiya,RU,2021-04-08 01:12:18,65.5833,-171.0,-0.42,74,28,5.46
490,At-Bashi,KG,2021-04-08 01:16:08,41.1702,75.8106,30.56,73,100,1.77
491,Shimoda,JP,2021-04-08 01:14:23,34.6667,138.95,57.2,72,40,17.27
492,Nuuk,GL,2021-04-08 01:16:08,64.1835,-51.7216,32.0,69,75,8.05
493,Puerto Madero,MX,2021-04-08 01:16:08,14.7208,-92.4215,82.4,74,75,2.3
494,Tasiilaq,GL,2021-04-08 01:07:33,65.6145,-37.6368,14.0,62,8,5.75
495,Talcahuano,CL,2021-04-08 01:14:08,-36.7167,-73.1167,53.6,100,90,6.91
496,Grand Gaube,MU,2021-04-08 01:16:09,-20.0064,57.6608,80.01,75,94,5.01
497,Nabire,ID,2021-04-08 01:16:09,-3.3667,135.4833,80.46,76,99,1.21
498,San Quintin,MX,2021-04-08 01:16:09,30.4833,-115.95,65.44,68,10,15.05
499,Ariquemes,BR,2021-04-08 01:16:10,-9.9133,-63.0408,74.03,95,100,1.28
500,Monte Carmelo,BR,2021-04-08 01:16:10,-18.7247,-47.4986,64.98,89,100,5.14
501,Lodja,CD,2021-04-08 01:16:10,-3.4833,23.4333,67.75,98,100,2.3
502,Zhigansk,RU,2021-04-08 01:16:10,66.7697,123.3711,10.35,89,100,22.62
503,Novyy Svit,UA,2021-04-08 01:16:11,47.8059,38.0211,47.75,83,100,13.6
504,Leningradskiy,RU,2021-04-08 01:16:11,69.3833,178.4167,-5.71,90,76,9.48
505,Ouango,CF,2021-04-08 01:16:11,4.3133,22.5552,71.56,90,100,2.53
506,Dillon,US,2021-04-08 01:16:12,34.4166,-79.3712,72.0,55,1,7.7
507,Katherine,AU,2021-04-08 01:16:12,-14.4667,132.2667,86.0,66,75,5.75
508,Piracuruca,BR,2021-04-08 01:16:12,-3.9281,-41.7092,75.96,85,36,2.53
509,San Marcos,US,2021-04-08 01:11:42,33.1434,-117.1661,66.99,72,1,3.44
510,Fukue,JP,2021-04-08 01:16:13,32.6881,128.8419,64.4,63,0,3.44
511,Wahpeton,US,2021-04-08 01:16:13,46.2652,-96.6059,46.4,87,90,9.22
512,Sorland,NO,2021-04-08 01:07:48,67.667,12.6934,32.83,52,100,16.62
513,Shumskiy,RU,2021-04-08 01:16:13,54.8318,99.1328,35.24,77,79,9.31
514,Janakkala,FI,2021-04-08 01:16:14,60.9,24.6,33.01,88,94,7.09
515,Saveh,IR,2021-04-08 01:11:19,35.0213,50.3566,66.27,17,100,6.26
516,Nueva Italia De Ruiz,MX,2021-04-08 01:16:14,19.0167,-102.1,78.8,36,1,7.07
517,Koshurnikovo,RU,2021-04-08 01:16:14,54.1667,93.3,31.19,97,100,2.17
518,Tapes,BR,2021-04-08 01:16:15,-30.6733,-51.3958,72.59,75,0,17.83
519,Mohan,IN,2021-04-08 01:16:15,26.7833,80.6833,75.2,73,20,3.24
520,Ambon,ID,2021-04-08 01:14:11,-3.6954,128.1814,87.8,62,20,3.44
521,Ngama,TD,2021-04-08 01:16:15,11.7833,17.1667,82.0,16,58,4.14
522,Turukhansk,RU,2021-04-08 01:16:16,65.8167,87.9833,29.95,98,100,3.8
523,Menongue,AO,2021-04-08 01:16:16,-14.6585,17.691,60.84,71,24,1.7
524,Pinehurst,US,2021-04-08 01:14:32,35.1954,-79.4695,71.6,40,1,8.05
525,Sao Filipe,CV,2021-04-08 01:16:16,14.8961,-24.4956,74.91,66,100,8.52
526,Tokur,RU,2021-04-08 01:16:17,53.1333,132.9,20.43,81,98,6.67
527,Lagos,NG,2021-04-08 01:16:17,6.5833,3.75,82.4,89,20,6.91
528,Chapais,CA,2021-04-08 01:16:17,49.7834,-74.8492,44.6,76,1,4.61
529,Tautira,PF,2021-04-08 01:16:18,-17.7333,-149.15,86.0,58,20,6.91
530,Geraldton,AU,2021-04-08 01:12:07,-28.7667,114.6,71.6,73,40,14.97
531,Bereda,ES,2021-04-08 01:16:18,43.2686,-7.5406,42.01,98,100,1.01
532,Houma,US,2021-04-08 01:12:56,29.5958,-90.7195,73.99,88,90,10.36
533,Shache,CN,2021-04-08 01:16:18,38.4167,77.2406,45.25,72,100,3.36
534,Huilong,CN,2021-04-08 01:16:19,31.8111,121.655,57.0,69,98,5.68
535,Qobustan,AZ,2021-04-08 01:16:19,40.0824,49.412,51.8,87,0,11.5
536,Dandong,CN,2021-04-08 01:11:51,40.1292,124.3947,51.96,21,0,6.85
537,Nyazepetrovsk,RU,2021-04-08 01:16:19,56.0531,59.6028,33.01,98,100,3.38
538,Lazaro Cardenas,MX,2021-04-08 01:12:34,17.9583,-102.2,78.39,60,0,9.57
539,Najran,SA,2021-04-08 01:16:20,17.4924,44.1277,62.6,27,0,0.72
540,Kapit,MY,2021-04-08 01:16:20,2.0167,112.9333,76.59,93,100,1.07
541,Bagdarin,RU,2021-04-08 01:16:20,54.4333,113.6,40.15,41,97,1.3
542,Te Anau,NZ,2021-04-08 01:14:02,-45.4167,167.7167,62.71,48,1,2.44
543,Nagaoka,JP,2021-04-08 01:16:21,37.45,138.85,53.01,66,45,1.01
544,Eirunepe,BR,2021-04-08 01:16:21,-6.6603,-69.8736,73.67,97,100,1.57
545,Teguldet,RU,2021-04-08 01:16:21,57.3064,88.1667,32.47,97,100,4.99
546,Salym,RU,2021-04-08 01:16:22,60.0625,71.4789,23.34,97,22,0.94
547,Gazanjyk,TM,2021-04-08 01:16:22,39.2446,55.5154,64.26,43,58,8.34
548,Baoying,CN,2021-04-08 01:16:22,33.2292,119.3092,58.17,59,0,2.06
549,Kysyl-Syr,RU,2021-04-08 01:16:22,63.8986,122.7617,14.38,89,100,13.76
550,Abbeville,FR,2021-04-08 01:16:23,50.1,1.8333,39.2,65,0,2.3
551,Ormara,PK,2021-04-08 01:16:23,25.2088,64.6357,81.95,34,0,6.98
552,Baoqing,CN,2021-04-08 01:16:23,46.3317,132.2111,31.26,46,100,15.52
553,Kaura Namoda,NG,2021-04-08 01:16:08,12.5898,6.5779,84.11,14,13,3.6
554,Tommot,RU,2021-04-08 01:16:24,58.9564,126.2925,18.55,76,100,2.98
555,Poum,NC,2021-04-08 01:16:24,-20.2333,164.0167,80.2,74,63,23.13
556,Omsukchan,RU,2021-04-08 01:16:24,62.5333,155.8,10.83,70,6,2.93
557,Bo Rai,TH,2021-04-08 01:16:25,12.5728,102.5371,84.99,99,100,2.37
558,Pedreira,BR,2021-04-08 01:16:25,-22.7419,-46.9014,69.01,77,0,16.11
559,Beira,MZ,2021-04-08 01:16:25,-19.8436,34.8389,77.0,69,20,4.43
560,Mehamn,NO,2021-04-08 01:08:15,71.0357,27.8492,25.66,86,45,13.24
561,Manzil Salim,TN,2021-04-08 01:16:26,35.8567,8.4765,44.6,76,75,4.61
562,Dali,CN,2021-04-08 01:16:26,25.7,100.1833,58.32,61,15,3.62
563,Rawson,AR,2021-04-08 01:11:36,-43.3002,-65.1023,65.32,45,0,10.11
564,Panzhihua,CN,2021-04-08 01:16:26,26.5851,101.7128,59.0,66,71,3.27
565,Thanh Hoa,VN,2021-04-08 01:15:14,19.8,105.7667,79.25,74,11,3.33
566,Gangoh,IN,2021-04-08 01:16:27,29.7667,77.25,67.59,27,0,6.8
